Open,High,Low,Close,Adj Close,Volume,HL,HC,LC,TR,ATR,SuperTrend,UpperBand,LowerBand
177.8300018310547,182.8800048828125,177.7100067138672,182.00999450683594,179.95388793945312,104487900,5.1699981689453125,,,,,0.0,,
182.6300048828125,182.94000244140625,179.1199951171875,179.6999969482422,177.6699981689453,99310400,3.82000732421875,0.9300079345703125,2.8899993896484375,3.82000732421875,,0.0,,
179.61000061035156,180.1699981689453,174.63999938964844,174.9199981689453,172.94398498535156,94537600,5.529998779296875,0.470001220703125,5.05999755859375,5.529998779296875,,0.0,,
172.6999969482422,175.3000030517578,171.63999938964844,172.0,170.05699157714844,96904000,3.660003662109375,0.3800048828125,3.279998779296875,3.660003662109375,,0.0,,
172.88999938964844,174.13999938964844,171.02999877929688,172.1699981689453,170.22508239746094,86709100,3.1100006103515625,2.1399993896484375,0.970001220703125,3.1100006103515625,,0.0,,
169.0800018310547,172.5,168.1699981689453,172.19000244140625,170.2448272705078,106765600,4.3300018310546875,0.3300018310546875,4.0,4.3300018310546875,,0.0,,
172.32000732421875,175.17999267578125,170.82000732421875,175.0800018310547,173.10218811035156,76138300,4.3599853515625,2.989990234375,1.3699951171875,4.3599853515625,,0.0,,
176.1199951171875,177.17999267578125,174.82000732421875,175.52999877929688,173.54708862304688,74805200,2.3599853515625,2.0999908447265625,0.2599945068359375,2.3599853515625,3.8814261300223216,186.46428571428572,165.53571428571428,186.46428571428572
175.77999877929688,176.6199951171875,171.7899932861328,172.19000244140625,170.2448272705078,84505800,4.8300018310546875,1.089996337890625,3.7400054931640625,4.8300018310546875,4.0257110595703125,183.86712646484375,164.54286193847656,183.86712646484375
171.33999633789062,173.77999877929688,171.08999633789062,173.07000732421875,171.1149139404297,80440800,2.69000244140625,1.589996337890625,1.100006103515625,2.69000244140625,3.619997297014509,181.94998822893416,162.92000688825334,181.94998822893416
171.50999450683594,172.5399932861328,169.41000366210938,169.8000030517578,167.88182067871094,90956700,3.1299896240234375,0.5300140380859375,3.660003662109375,3.660003662109375,3.619997297014509,180.2699955531529,161.68000139508928,180.2699955531529
170.0,171.0800018310547,165.94000244140625,166.22999572753906,164.35214233398438,94815000,5.1399993896484375,1.279998779296875,3.8600006103515625,5.1399993896484375,3.909997122628348,177.6699938092913,159.35001046316964,177.6699938092913
166.97999572753906,169.67999267578125,164.17999267578125,164.50999450683594,162.65158081054688,91420500,5.5,3.4499969482421875,2.0500030517578125,5.5,4.077139718191964,176.41141183035714,157.44857352120536,176.41141183035714
164.4199981689453,166.3300018310547,162.3000030517578,162.41000366210938,160.57530212402344,122848900,4.029998779296875,1.82000732421875,2.209991455078125,4.029998779296875,4.029998779296875,174.38999938964844,154.24000549316406,174.38999938964844
160.02000427246094,162.3000030517578,154.6999969482422,161.6199951171875,159.79425048828125,162294600,7.600006103515625,0.1100006103515625,7.7100067138671875,7.7100067138671875,4.794287545340402,169.0828595842634,147.9171404157366,169.0828595842634
158.97999572753906,162.75999450683594,157.02000427246094,159.77999877929688,157.9750213623047,115798400,5.739990234375,1.1399993896484375,4.5999908447265625,5.739990234375,4.924285888671875,171.79286193847656,147.9871368408203,171.79286193847656
163.5,164.38999938964844,157.82000732421875,159.69000244140625,157.8860321044922,108275300,6.5699920654296875,4.6100006103515625,1.959991455078125,6.5699920654296875,5.478570120675223,174.25571768624442,147.95428902762276,174.25571768624442
162.4499969482422,163.83999633789062,158.27999877929688,159.22000122070312,157.4213409423828,121954600,5.55999755859375,4.149993896484375,1.410003662109375,5.55999755859375,5.749997820172991,175.52999223981584,146.59000287737166,175.52999223981584
165.7100067138672,170.35000610351562,162.8000030517578,170.3300018310547,168.4058380126953,179935700,7.5500030517578125,11.1300048828125,3.5800018310546875,11.1300048828125,6.605712890625,182.6171417236328,150.53286743164062,182.6171417236328
170.16000366210938,175.0,169.50999450683594,174.77999877929688,172.8055877685547,115541600,5.4900054931640625,4.6699981689453125,0.82000732421875,5.4900054931640625,6.604285103934152,189.3228498186384,155.18714468819755,189.3228498186384
174.00999450683594,174.83999633789062,172.30999755859375,174.61000061035156,172.63748168945312,86213900,2.529998779296875,0.05999755859375,2.470001220703125,2.529998779296875,6.3899993896484375,191.47999572753906,155.6699981689453,191.47999572753906
174.75,175.8800048828125,173.3300018310547,175.83999633789062,173.85357666015625,84914300,2.5500030517578125,1.2700042724609375,1.279998779296875,2.5500030517578125,5.652856009347098,190.288569859096,158.9214368547712,190.288569859096
174.47999572753906,176.24000549316406,172.1199951171875,172.89999389648438,170.9468231201172,89418100,4.1200103759765625,0.4000091552734375,3.720001220703125,4.1200103759765625,5.421430315290179,188.38428606305803,159.97571454729353,188.38428606305803
171.67999267578125,174.10000610351562,170.67999267578125,172.38999938964844,170.65972900390625,82465400,3.420013427734375,1.20001220703125,2.220001220703125,3.420013427734375,4.971433367047991,185.59429277692522,159.18570600237166,185.59429277692522
172.86000061035156,173.9499969482422,170.9499969482422,171.66000366210938,169.9370574951172,77251200,3.0,1.55999755859375,1.44000244140625,3.0,4.605719430106027,184.76715523856026,160.1328386579241,184.76715523856026
171.72999572753906,175.35000610351562,171.42999267578125,174.8300018310547,173.07522583007812,74829200,3.920013427734375,3.69000244140625,0.230010986328125,3.920013427734375,3.575720650809152,182.1571546282087,164.62284415108817,182.1571546282087
176.0500030517578,176.64999389648438,174.89999389648438,176.27999877929688,174.51068115234375,71285000,1.75,1.8199920654296875,0.0699920654296875,1.8199920654296875,3.0514330182756697,184.0542929513114,167.49569484165735,184.0542929513114
174.13999938964844,175.47999572753906,171.5500030517578,172.1199951171875,170.3924102783203,90865900,3.92999267578125,0.8000030517578125,4.7299957275390625,4.7299957275390625,3.365718296595982,181.64715794154577,165.3828408377511,181.64715794154577
172.3300018310547,173.0800018310547,168.0399932861328,168.63999938964844,166.9473419189453,98670700,5.040008544921875,0.9600067138671875,4.0800018310546875,5.040008544921875,3.721433367047991,179.20429338727678,161.91570172991072,179.20429338727678
167.3699951171875,169.5800018310547,166.55999755859375,168.8800048828125,167.18496704101562,86185500,3.0200042724609375,0.94000244140625,2.0800018310546875,3.0200042724609375,3.5642896379743303,177.25286647251673,158.8871329171317,177.25286647251673
170.97000122070312,172.9499969482422,170.25,172.7899932861328,171.0557098388672,62527400,2.6999969482421875,4.0699920654296875,1.3699951171875,4.0699920654296875,3.6571437290736606,181.221431187221,161.9785657610212,181.221431187221
171.85000610351562,173.33999633789062,170.0500030517578,172.5500030517578,170.81808471679688,61177400,3.2899932861328125,0.5500030517578125,2.739990234375,3.2899932861328125,3.698571341378348,181.14571707589286,162.24428231375558,181.14571707589286
171.02999877929688,171.91000366210938,168.47000122070312,168.8800048828125,167.18496704101562,69589300,3.44000244140625,0.6399993896484375,4.0800018310546875,4.0800018310546875,3.7214268275669644,179.634281703404,160.7457231794085,179.634281703404
169.82000732421875,170.5399932861328,166.19000244140625,167.3000030517578,165.62083435058594,82772700,4.3499908447265625,1.6599884033203125,2.69000244140625,4.3499908447265625,4.082855224609375,178.43856811523438,158.2914276123047,178.43856811523438
164.97999572753906,166.69000244140625,162.14999389648438,164.32000732421875,162.67074584960938,91162800,4.540008544921875,0.6100006103515625,5.1500091552734375,5.1500091552734375,4.142857142857143,174.57856532505582,154.2614310128348,174.57856532505582
165.5399932861328,166.14999389648438,159.75,160.07000732421875,158.46340942382812,90009200,6.399993896484375,1.829986572265625,4.57000732421875,6.399993896484375,4.337140764508929,172.76142229352678,153.1385716029576,172.76142229352678
152.5800018310547,162.85000610351562,152.0,162.74000549316406,161.10658264160156,141147500,10.850006103515625,2.779998779296875,8.07000732421875,10.850006103515625,5.455712454659598,168.3671373639788,146.48286873953683,168.3671373639788
163.83999633789062,165.1199951171875,160.8699951171875,164.85000610351562,163.1953887939453,91974200,4.25,2.3799896240234375,1.8700103759765625,4.25,5.481427873883929,177.31427873883928,148.67571149553572,177.31427873883928
163.05999755859375,165.4199981689453,162.42999267578125,165.1199951171875,163.46267700195312,95056600,2.9900054931640625,0.5699920654296875,2.420013427734375,2.9900054931640625,5.438572474888393,178.74571010044644,149.10428074428012,178.74571010044644
164.6999969482422,166.60000610351562,161.97000122070312,163.1999969482422,161.56195068359375,83474400,4.6300048828125,1.480010986328125,3.149993896484375,4.6300048828125,5.517144339425223,178.5214342389788,150.04857308523995,178.5214342389788
164.38999938964844,167.36000061035156,162.9499969482422,166.55999755859375,164.8882293701172,79724800,4.410003662109375,4.160003662109375,0.25,4.410003662109375,5.525717599051339,179.5271497453962,150.78284781319755,179.5271497453962
168.47000122070312,168.91000366210938,165.5500030517578,166.22999572753906,164.56155395507812,76678400,3.3600006103515625,2.350006103515625,1.0099945068359375,3.3600006103515625,5.270002092633929,181.3600093296596,153.0999973842076,181.3600093296596
164.49000549316406,165.5500030517578,162.10000610351562,163.1699981689453,161.5322723388672,83737200,3.4499969482421875,0.67999267578125,4.1299896240234375,4.1299896240234375,4.945715767996652,176.93715340750558,150.71285574776786,176.93715340750558
163.36000061035156,165.02000427246094,159.0399932861328,159.3000030517578,157.70111083984375,96418800,5.980010986328125,1.850006103515625,4.1300048828125,5.980010986328125,4.250002179827009,171.78999982561385,152.2699977329799,171.78999982561385
158.82000732421875,162.8800048828125,155.8000030517578,157.44000244140625,155.85977172851562,131148300,7.0800018310546875,3.5800018310546875,3.5,7.0800018310546875,4.654288155691964,169.7628675188337,148.9171404157366,169.7628675188337
161.47999572753906,163.41000366210938,159.41000366210938,162.9499969482422,161.31446838378906,91454900,4.0,5.970001220703125,1.970001220703125,5.970001220703125,5.0800018310546875,174.65000915527344,148.1699981689453,174.65000915527344
160.1999969482422,160.38999938964844,155.97999572753906,158.52000427246094,156.92892456054688,105342000,4.410003662109375,2.55999755859375,6.970001220703125,6.970001220703125,5.414287022181919,172.2228567940848,144.1471383231027,172.2228567940848
158.92999267578125,159.27999877929688,154.5,154.72999572753906,153.17697143554688,96970100,4.779998779296875,0.7599945068359375,4.0200042724609375,4.779998779296875,5.467143467494419,170.90143040248324,142.87856837681363,170.90143040248324
151.4499969482422,154.1199951171875,150.10000610351562,150.6199951171875,149.1082305908203,108732100,4.019989013671875,0.6100006103515625,4.6299896240234375,4.6299896240234375,5.648570469447544,167.04571751185824,137.17428370884488,167.04571751185824
150.89999389648438,155.57000732421875,150.3800048828125,155.08999633789062,153.53335571289062,92964300,5.19000244140625,4.95001220703125,0.239990234375,5.19000244140625,5.800000871930804,167.7800074986049,138.17000470842635,167.7800074986049
157.0500030517578,160.0,154.4600067138672,159.58999633789062,157.98818969726562,102300200,5.5399932861328125,4.910003662109375,0.6299896240234375,5.5399932861328125,5.737141200474331,171.6714303152902,142.788576398577,171.6714303152902
158.61000061035156,161.0,157.6300048828125,160.6199951171875,159.00784301757812,75615400,3.3699951171875,1.410003662109375,1.959991455078125,3.3699951171875,5.207140241350446,173.25142560686385,145.37857927594865,173.25142560686385
160.50999450683594,164.47999572753906,159.75999450683594,163.97999572753906,162.33413696289062,123511700,4.720001220703125,3.8600006103515625,0.8600006103515625,4.720001220703125,5.028568812779018,174.845700945173,149.394289289202,174.845700945173
163.50999450683594,166.35000610351562,163.00999450683594,165.3800048828125,163.7200927734375,95811400,3.3400115966796875,2.3700103759765625,0.970001220703125,3.3400115966796875,4.509998866489956,176.53999110630582,152.82000950404574,176.53999110630582
165.50999450683594,169.4199981689453,164.91000366210938,168.82000732421875,167.1255645751953,81532000,4.5099945068359375,4.0399932861328125,0.470001220703125,4.5099945068359375,4.471426827566964,178.32428414481026,156.00571768624442,178.32428414481026
167.99000549316406,172.63999938964844,167.64999389648438,170.2100067138672,168.5015869140625,98062700,4.9900054931640625,3.8199920654296875,1.170013427734375,4.9900054931640625,4.522857666015625,181.21856689453125,159.07142639160156,181.21856689453125
171.05999755859375,174.13999938964844,170.2100067138672,174.07000732421875,172.3228759765625,90131400,3.92999267578125,3.92999267578125,0.0,3.92999267578125,4.342856270926339,183.2385755266462,161.11143057686942,183.2385755266462
173.8800048828125,175.27999877929688,172.75,174.72000122070312,172.96633911132812,80546200,2.529998779296875,1.209991455078125,1.32000732421875,2.529998779296875,3.9128570556640625,184.4885711669922,163.5414276123047,184.4885711669922
172.1699981689453,175.72999572753906,172.0,175.60000610351562,173.83749389648438,90371900,3.7299957275390625,1.0099945068359375,2.720001220703125,3.7299957275390625,3.9642857142857144,183.89285714285714,163.83713858468192,183.89285714285714
176.69000244140625,179.00999450683594,176.33999633789062,178.9600067138672,177.16380310058594,100589400,2.6699981689453125,3.4099884033203125,0.739990234375,3.4099884033203125,3.7771410260881697,187.67141941615515,167.67857142857142,187.67141941615515
178.5500030517578,179.61000061035156,176.6999969482422,177.77000427246094,175.98573303222656,92633200,2.910003662109375,0.649993896484375,2.260009765625,2.910003662109375,3.7157113211495534,187.84713091169084,168.4628666469029,187.84713091169084
177.83999633789062,178.02999877929688,174.39999389648438,174.61000061035156,172.85743713378906,103049300,3.6300048828125,0.2599945068359375,3.3700103759765625,3.6300048828125,3.589998517717634,185.16998944963728,167.26000322614397,185.16998944963728
174.02999877929688,174.8800048828125,171.94000244140625,174.30999755859375,172.56044006347656,78751300,2.94000244140625,0.2700042724609375,2.6699981689453125,2.94000244140625,3.2971409388950894,181.8314252580915,164.98858206612724,181.8314252580915
174.57000732421875,178.49000549316406,174.44000244140625,178.44000244140625,176.6490020751953,76468400,4.0500030517578125,4.1800079345703125,0.1300048828125,4.1800079345703125,3.332857404436384,184.4385746547154,168.4914332798549,184.4385746547154
177.5,178.3000030517578,174.4199981689453,175.05999755859375,173.30291748046875,73401800,3.8800048828125,0.1399993896484375,4.0200042724609375,4.0200042724609375,3.54571533203125,185.05714416503906,167.66285705566406,185.05714416503906
172.36000061035156,173.6300048828125,170.1300048828125,171.8300018310547,170.10533142089844,89058800,3.5,1.42999267578125,4.92999267578125,4.92999267578125,3.7171434674944197,181.28143528529577,162.47857448032923,181.28143528529577
171.16000366210938,173.36000061035156,169.85000610351562,172.13999938964844,170.4122314453125,77594700,3.5099945068359375,1.529998779296875,1.9799957275390625,3.5099945068359375,3.7314300537109375,181.04429626464844,162.16571044921875,181.04429626464844
171.77999877929688,171.77999877929688,169.1999969482422,170.08999633789062,168.3828125,76575500,2.5800018310546875,0.3600006103515625,2.94000244140625,2.94000244140625,3.735715593610491,180.40714372907365,160.5728519984654,180.40714372907365
168.7100067138672,169.02999877929688,165.5,165.75,164.0863494873047,72246700,3.529998779296875,1.05999755859375,4.589996337890625,4.589996337890625,3.872857230050223,177.11857169015067,157.4114270891462,177.11857169015067
168.02000427246094,169.8699951171875,166.63999938964844,167.66000366210938,165.97720336914062,79265200,3.2299957275390625,4.1199951171875,0.8899993896484375,4.1199951171875,4.0414276123046875,178.7642822265625,157.74571228027344,178.7642822265625
167.38999938964844,171.0399932861328,166.77000427246094,170.39999389648438,168.68968200683594,70618900,4.269989013671875,3.3799896240234375,0.8899993896484375,4.269989013671875,4.054282052176339,178.93285042898995,158.8771471296038,178.93285042898995
170.6199951171875,171.27000427246094,165.0399932861328,165.2899932861328,163.6309814453125,75329400,6.230010986328125,0.8700103759765625,5.3600006103515625,6.230010986328125,4.369997297014509,178.14998517717635,158.1600123814174,178.14998517717635
163.9199981689453,166.60000610351562,163.57000732421875,165.07000732421875,163.41317749023438,69023900,3.029998779296875,1.3100128173828125,1.7199859619140625,3.029998779296875,4.098569597516741,175.86571611676897,154.3042973109654,175.86571611676897
165.02000427246094,167.82000732421875,163.91000366210938,167.39999389648438,165.7198028564453,67723800,3.910003662109375,2.75,1.160003662109375,3.910003662109375,4.155713762555804,176.37714494977678,155.35286603655135,176.37714494977678
168.75999450683594,168.8800048828125,166.10000610351562,167.22999572753906,165.55149841308594,67929800,2.779998779296875,1.480010986328125,1.29998779296875,2.779998779296875,4.132856096540179,178.49857439313615,156.48143659319197,178.49857439313615
168.91000366210938,171.52999877929688,165.91000366210938,166.4199981689453,164.74964904785156,87227800,5.6199951171875,4.3000030517578125,1.3199920654296875,5.6199951171875,4.279998779296875,178.75,158.69000244140625,178.75
166.4600067138672,167.8699951171875,161.5,161.7899932861328,160.1660919189453,84882400,6.3699951171875,1.4499969482421875,4.9199981689453125,6.3699951171875,4.601427350725446,175.30428205217635,154.06571306501115,175.30428205217635
161.1199951171875,163.1699981689453,158.4600067138672,162.8800048828125,161.2451934814453,96046400,4.709991455078125,1.3800048828125,3.329986572265625,4.709991455078125,4.664284842354911,172.45286124093192,149.17714364188058,172.45286124093192
162.25,162.33999633789062,156.72000122070312,156.8000030517578,155.22621154785156,95623200,5.6199951171875,0.540008544921875,6.160003662109375,6.160003662109375,4.654283796037946,170.68285260881697,148.37714494977678,170.68285260881697
155.91000366210938,159.7899932861328,155.3800048828125,156.57000732421875,154.99851989746094,88063200,4.4099884033203125,2.989990234375,1.4199981689453125,4.4099884033203125,4.8514251708984375,169.9342803955078,145.2357177734375,169.9342803955078
159.25,164.52000427246094,158.92999267578125,163.63999938964844,161.99752807617188,130216800,5.5900115966796875,7.9499969482421875,2.3599853515625,7.9499969482421875,5.428567068917411,175.2156938825335,148.2343030657087,175.2156938825335
161.83999633789062,166.1999969482422,157.25,157.64999389648438,156.06764221191406,131747600,8.949996948242188,2.55999755859375,6.3899993896484375,8.949996948242188,6.309995378766741,176.17998613630022,147.27001081194197,176.17998613630022
156.7100067138672,158.22999572753906,153.27000427246094,157.9600067138672,156.37457275390625,123055300,4.959991455078125,0.5800018310546875,4.3799896240234375,4.959991455078125,6.215709141322544,171.91713169642856,139.58286830357144,171.91713169642856
158.14999389648438,160.7100067138672,156.32000732421875,159.47999572753906,157.87930297851562,88966500,4.3899993896484375,2.75,1.6399993896484375,4.3899993896484375,5.932852608816964,174.11856515066964,142.9114488874163,174.11856515066964
159.6699981689453,166.47999572753906,159.25999450683594,166.02000427246094,164.35366821289062,108256500,7.220001220703125,7.0,0.220001220703125,7.220001220703125,6.291425432477679,178.13427080426897,147.60571943010603,178.13427080426897
163.85000610351562,164.0800018310547,154.9499969482422,156.77000427246094,155.19651794433594,130525300,9.1300048828125,1.94000244140625,11.07000732421875,11.07000732421875,6.992854527064732,175.92856052943637,143.1014382498605,175.92856052943637
156.00999450683594,159.44000244140625,154.17999267578125,157.27999877929688,155.93016052246094,116124600,5.260009765625,2.6699981689453125,2.5900115966796875,5.260009765625,7.114286150251116,175.5228511265346,138.0971439906529,175.5228511265346
154.92999267578125,155.8300018310547,151.49000549316406,152.05999755859375,150.7549285888672,131577900,4.339996337890625,1.4499969482421875,5.7899932861328125,5.7899932861328125,6.805714198521206,171.9071480887277,135.41285923549106,171.9071480887277
155.52000427246094,156.74000549316406,152.92999267578125,154.50999450683594,153.1839141845703,115366700,3.8100128173828125,4.6800079345703125,0.8699951171875,4.6800079345703125,6.195715767996652,171.5171399797712,138.1528581891741,171.5171399797712
153.5,155.4499969482422,145.80999755859375,146.5,145.24269104003906,142689800,9.639999389648438,0.94000244140625,8.699996948242188,9.639999389648438,6.864288330078125,166.40286254882812,134.8571319580078,166.40286254882812
142.77000427246094,146.1999969482422,138.8000030517578,142.55999755859375,141.3364715576172,182602000,7.399993896484375,0.3000030517578125,7.6999969482421875,7.6999969482421875,7.337145124162946,160.81143842424666,124.18856157575334,160.81143842424666
144.58999633789062,148.10000610351562,143.11000061035156,147.11000061035156,145.84742736816406,113990900,4.9900054931640625,5.540008544921875,0.5500030517578125,5.540008544921875,7.097146170479911,164.4014391217913,126.80856759207589,164.4014391217913
145.5500030517578,147.52000427246094,144.17999267578125,145.5399932861328,144.29090881347656,86643800,3.3400115966796875,0.410003662109375,2.9300079345703125,3.3400115966796875,5.992861066545759,162.15857587541853,129.54142107282365,162.15857587541853
148.86000061035156,149.77000427246094,146.67999267578125,149.24000549316406,147.9591522216797,78336300,3.0900115966796875,4.230010986328125,1.1399993896484375,4.230010986328125,5.8457183837890625,164.21714782714844,132.23284912109375,164.21714782714844
146.85000610351562,147.36000061035156,139.89999389648438,140.82000732421875,139.6114044189453,109742900,7.4600067138671875,1.8800048828125,9.340011596679688,9.340011596679688,6.352863856724331,158.95858546665738,128.30140904017856,158.95858546665738
139.8800048828125,141.66000366210938,136.60000610351562,137.35000610351562,136.1711883544922,136095600,5.05999755859375,0.839996337890625,4.220001220703125,5.05999755859375,6.407148088727679,155.82145036969865,122.43855939592635,155.82145036969865
139.08999633789062,140.6999969482422,132.61000061035156,137.58999633789062,136.40914916992188,137426100,8.089996337890625,3.3499908447265625,4.7400054931640625,8.089996337890625,6.185719081333706,151.1671578543527,122.14283970424107,151.1671578543527
137.7899932861328,143.25999450683594,137.64999389648438,143.11000061035156,141.8817596435547,117726300,5.6100006103515625,5.6699981689453125,0.05999755859375,5.6699981689453125,5.895719255719866,155.33715166364397,125.57283673967635,155.33715166364397
140.80999755859375,141.97000122070312,137.3300018310547,140.36000061035156,139.15538024902344,104132700,4.6399993896484375,1.1399993896484375,5.779998779296875,5.779998779296875,5.930003574916294,155.12001255580356,124.17999049595424,155.12001255580356
138.42999267578125,141.7899932861328,138.33999633789062,140.52000427246094,139.31402587890625,92482700,3.4499969482421875,1.42999267578125,2.0200042724609375,3.4499969482421875,5.945715767996652,156.17714364188058,123.95284598214286,156.17714364188058
137.38999938964844,144.33999633789062,137.13999938964844,143.77999877929688,142.5460205078125,90601500,7.1999969482421875,3.8199920654296875,3.3800048828125,7.1999969482421875,6.369999476841518,156.249997820173,125.22999790736607,156.249997820173
145.38999938964844,149.67999267578125,145.25999450683594,149.63999938964844,148.35572814941406,90978500,4.4199981689453125,5.899993896484375,1.4799957275390625,5.899993896484375,5.878568376813616,162.89569963727678,132.0442875453404,162.89569963727678
149.07000732421875,150.66000366210938,146.83999633789062,148.83999633789062,147.5625762939453,103718400,3.82000732421875,1.0200042724609375,2.8000030517578125,3.82000732421875,5.701426914760044,163.94427708217074,133.55572291782926,163.94427708217074
149.89999389648438,151.74000549316406,147.67999267578125,148.7100067138672,147.43370056152344,74286600,4.0600128173828125,2.9000091552734375,1.160003662109375,4.0600128173828125,5.125714983258929,163.05713762555803,136.36286054338728,163.05713762555803
147.8300018310547,151.27000427246094,146.86000061035156,151.2100067138672,149.9122314453125,72348100,4.410003662109375,2.55999755859375,1.850006103515625,4.410003662109375,4.945715767996652,161.6971479143415,136.432856968471,161.6971479143415
146.89999389648438,147.97000122070312,144.4600067138672,145.3800048828125,144.1322784423828,88570300,3.5099945068359375,3.2400054931640625,6.75,6.75,5.084287370954241,159.7128688267299,132.7171391078404,159.7128688267299
147.02999877929688,148.57000732421875,144.89999389648438,146.13999938964844,144.88577270507812,71598400,3.670013427734375,3.19000244140625,0.480010986328125,3.670013427734375,5.115718296595982,160.2471487862723,133.22285243443082,160.2471487862723
144.35000610351562,149.0,144.10000610351562,148.7100067138672,147.43370056152344,67808200,4.899993896484375,2.8600006103515625,2.0399932861328125,4.899993896484375,4.787146432059152,158.46144539969308,134.63856070382255,158.46144539969308
148.5800018310547,149.8699951171875,147.4600067138672,147.9600067138672,146.6901397705078,53950200,2.4099884033203125,1.1599884033203125,1.25,2.4099884033203125,4.28857421875,160.3257293701172,137.0042724609375,160.3257293701172
147.0800018310547,147.9499969482422,142.52999877929688,142.63999938964844,141.4158172607422,69473000,5.4199981689453125,0.010009765625,5.4300079345703125,5.4300079345703125,4.518574305943081,156.08572169712613,134.39427403041293,156.08572169712613
140.27999877929688,140.75999450683594,137.05999755859375,137.1300048828125,135.95309448242188,91437900,3.6999969482421875,1.8800048828125,5.5800018310546875,5.5800018310546875,4.735715593610491,151.26714433942522,126.55284772600446,151.26714433942522
132.8699951171875,135.1999969482422,131.44000244140625,131.8800048828125,130.74813842773438,122207100,3.7599945068359375,1.9300079345703125,5.69000244140625,5.69000244140625,4.918572562081473,146.19572012765067,120.44427926199776,146.19572012765067
133.1300048828125,133.88999938964844,131.47999572753906,132.75999450683594,131.62059020996094,84784300,2.410003662109375,2.0099945068359375,0.4000091552734375,2.410003662109375,4.298573085239956,144.37571498325894,120.99428013392857,144.37571498325894
134.2899932861328,137.33999633789062,132.16000366210938,135.42999267578125,134.26766967773438,91533000,5.17999267578125,4.5800018310546875,0.5999908447265625,5.17999267578125,4.514284406389509,145.7028568812779,123.7971431187221,145.7028568812779
132.0800018310547,132.38999938964844,129.0399932861328,130.05999755859375,128.94375610351562,108123900,3.350006103515625,3.0399932861328125,6.3899993896484375,6.3899993896484375,4.727142333984375,143.22142028808594,118.20857238769531,143.22142028808594
130.07000732421875,133.0800018310547,129.80999755859375,131.55999755859375,130.43087768554688,134520300,3.2700042724609375,3.0200042724609375,0.25,3.2700042724609375,4.850001743861607,144.36000279017856,118.52999659946987,144.36000279017856
133.4199981689453,137.05999755859375,133.32000732421875,135.8699951171875,134.7039031982422,81000500,3.739990234375,5.5,1.760009765625,5.5,4.8600006103515625,147.90000915527344,122.47999572753906,147.90000915527344
134.7899932861328,137.75999450683594,133.91000366210938,135.35000610351562,134.18838500976562,73409200,3.8499908447265625,1.8899993896484375,1.959991455078125,3.8499908447265625,4.612856183733259,147.74857221330916,123.92142595563617,147.74857221330916
136.82000732421875,138.58999633789062,135.6300048828125,138.27000427246094,137.0832977294922,72433800,2.959991455078125,3.239990234375,0.279998779296875,3.239990234375,4.262854439871652,148.41856820242745,125.80143301827567,148.41856820242745
139.89999389648438,141.91000366210938,139.77000427246094,141.66000366210938,140.4442138671875,89116800,2.1399993896484375,3.6399993896484375,1.5,3.6399993896484375,4.438568115234375,153.08570861816406,128.59429931640625,153.08570861816406
142.6999969482422,143.49000549316406,140.97000122070312,141.66000366210938,140.4442138671875,70207900,2.5200042724609375,1.8300018310546875,0.69000244140625,2.5200042724609375,4.058569771902902,153.14571053641183,131.31429617745536,153.14571053641183
142.1300048828125,143.4199981689453,137.32000732421875,137.44000244140625,136.2604217529297,67083400,6.0999908447265625,1.7599945068359375,4.339996337890625,6.0999908447265625,4.017139979771206,149.37142726353238,131.36857822963168,149.37142726353238
137.4600067138672,140.6699981689453,136.6699981689453,139.22999572753906,138.03506469726562,66242400,4.0,3.2299957275390625,0.7700042724609375,4.0,4.121425083705357,149.03427342006137,128.30572291782926,149.03427342006137
137.25,138.3699951171875,133.77000427246094,136.72000122070312,135.54660034179688,98964500,4.5999908447265625,0.8600006103515625,5.459991455078125,5.459991455078125,4.115709577287946,146.11713300432478,126.02286638532367,146.11713300432478
136.0399932861328,139.0399932861328,135.66000366210938,138.92999267578125,137.73764038085938,71051600,3.3799896240234375,2.3199920654296875,1.05999755859375,3.3799896240234375,4.048566545758929,147.80570329938615,126.89429364885602,147.80570329938615
137.77000427246094,141.61000061035156,136.92999267578125,141.55999755859375,140.34507751464844,73353800,4.6800079345703125,2.6800079345703125,2.0,4.6800079345703125,4.254283360072544,149.69284275599887,128.84715053013394,149.69284275599887
141.35000610351562,144.1199951171875,141.0800018310547,142.9199981689453,141.6934051513672,74064300,3.0399932861328125,2.55999755859375,0.4799957275390625,3.0399932861328125,4.168568202427456,153.58570643833707,131.61429050990512,153.58570643833707
143.2899932861328,146.5500030517578,143.27999877929688,146.35000610351562,145.09397888183594,66253700,3.2700042724609375,3.6300048828125,0.3600006103515625,3.6300048828125,4.327139718191964,156.26141793387276,133.56858389718192,156.26141793387276
145.25999450683594,147.5500030517578,145.0,147.0399932861328,145.77801513671875,64547800,2.5500030517578125,1.1999969482421875,1.350006103515625,2.5500030517578125,3.8199986049107144,156.45999581473214,136.09000723702567,156.45999581473214
145.6699981689453,146.63999938964844,143.77999877929688,144.8699951171875,143.62664794921875,63141600,2.8600006103515625,0.399993896484375,3.2599945068359375,3.2599945068359375,3.7142835344587053,154.92284938267298,135.49714878627233,154.92284938267298
145.75999450683594,148.4499969482422,145.0500030517578,145.86000061035156,144.608154296875,77588800,3.399993896484375,3.5800018310546875,0.1800079345703125,3.5800018310546875,3.445713588169643,155.38714381626673,138.11285618373327,155.38714381626673
142.99000549316406,146.4499969482422,142.1199951171875,145.49000549316406,144.24134826660156,71185600,4.3300018310546875,0.589996337890625,3.7400054931640625,4.3300018310546875,3.5814296177455356,152.8642839704241,135.70570809500558,152.8642839704241
144.0800018310547,148.9499969482422,143.25,148.47000122070312,147.1957550048828,78140700,5.6999969482421875,3.459991455078125,2.2400054931640625,5.6999969482421875,3.727142333984375,154.43142700195312,137.76856994628906,154.43142700195312
149.77999877929688,150.86000061035156,148.1999969482422,150.1699981689453,148.88116455078125,76259900,2.660003662109375,2.3899993896484375,0.2700042724609375,2.660003662109375,3.672858101981027,159.21857125418526,139.8414263044085,159.21857125418526
150.74000549316406,151.57000732421875,146.6999969482422,147.07000732421875,145.8077850341797,81420900,4.8700103759765625,1.4000091552734375,3.470001220703125,4.8700103759765625,3.850001743861607,158.25000217982702,140.02000209263392,158.25000217982702
147.9199981689453,151.22999572753906,146.91000366210938,151.0,149.70404052734375,82982400,4.3199920654296875,4.1599884033203125,0.160003662109375,4.3199920654296875,4.102857317243304,159.21857561383928,138.92142377580916,159.21857561383928
151.1199951171875,153.72000122070312,150.3699951171875,153.0399932861328,151.72654724121094,64823400,3.350006103515625,2.720001220703125,0.6300048828125,3.350006103515625,4.115716116768973,162.71714346749442,141.3728528703962,162.71714346749442
154.5,155.57000732421875,151.94000244140625,155.35000610351562,154.0167236328125,65086600,3.6300048828125,2.5300140380859375,1.0999908447265625,3.6300048828125,4.122859409877232,164.30858067103793,143.20142909458707,164.30858067103793
155.38999938964844,156.27999877929688,153.41000366210938,154.08999633789062,152.76751708984375,66675400,2.8699951171875,0.92999267578125,1.94000244140625,2.8699951171875,3.9142870221819197,165.15286472865515,144.5371377127511,165.15286472865515
154.00999450683594,155.0399932861328,152.27999877929688,152.9499969482422,151.63731384277344,53623900,2.7599945068359375,0.9499969482421875,1.80999755859375,2.7599945068359375,3.494286673409598,162.76285879952567,144.557133265904,162.76285879952567
152.25999450683594,153.08999633789062,150.8000030517578,151.60000610351562,150.2989044189453,55138700,2.2899932861328125,0.1399993896484375,2.149993896484375,2.2899932861328125,3.4414280482700894,161.12428719656808,142.76571219308036,161.12428719656808
152.5800018310547,157.3300018310547,152.16000366210938,156.7899932861328,155.44435119628906,78620700,5.1699981689453125,5.7299957275390625,0.55999755859375,5.7299957275390625,3.5642830984933034,162.85285295758928,146.63715253557478,162.85285295758928
156.97999572753906,157.63999938964844,154.41000366210938,157.35000610351562,155.9995574951172,81378700,3.2299957275390625,0.850006103515625,2.3799896240234375,3.2299957275390625,3.4085693359375,164.63571166992188,147.41429138183594,164.63571166992188
161.24000549316406,163.6300048828125,159.5,162.50999450683594,161.11524963378906,101786900,4.1300048828125,6.279998779296875,2.149993896484375,6.279998779296875,3.8271397181919644,170.9814191545759,152.1485857282366,170.9814191545759
161.00999450683594,163.58999633789062,160.88999938964844,161.50999450683594,160.12384033203125,67829400,2.6999969482421875,1.0800018310546875,1.6199951171875,2.6999969482421875,3.694281441824777,171.97284371512276,152.5071520124163,171.97284371512276
160.10000610351562,162.41000366210938,159.6300048828125,160.00999450683594,158.63670349121094,59907000,2.779998779296875,0.9000091552734375,1.8799896240234375,2.779998779296875,3.681424822126116,170.67427934919084,151.36572919573103,170.67427934919084
160.83999633789062,166.58999633789062,160.75,166.1300048828125,164.70419311523438,82507500,5.839996337890625,6.5800018310546875,0.7400054931640625,6.5800018310546875,4.227140154157366,173.4314204624721,153.90857587541853,173.4314204624721
166.00999450683594,167.19000244140625,164.42999267578125,165.80999755859375,164.38694763183594,55474100,2.760009765625,1.05999755859375,1.70001220703125,2.760009765625,4.294285365513393,177.31284877232144,154.30714634486606,177.31284877232144
163.2100067138672,165.85000610351562,163.0,165.35000610351562,164.1586151123047,56697000,2.850006103515625,0.040008544921875,2.80999755859375,2.850006103515625,3.8828582763671875,174.64857482910156,154.20143127441406,174.64857482910156
166.3699951171875,167.80999755859375,164.1999969482422,164.8699951171875,163.68206787109375,60276900,3.6100006103515625,2.459991455078125,1.1500091552734375,3.6100006103515625,3.9371446881975447,176.01143101283483,155.9985634940011,176.01143101283483
164.02000427246094,165.82000732421875,163.25,164.9199981689453,163.731689453125,63135500,2.57000732421875,0.95001220703125,1.6199951171875,2.57000732421875,3.4071459089006697,173.47143772670202,155.59856959751673,173.47143772670202
167.67999267578125,169.33999633789062,166.89999389648438,169.24000549316406,168.0205841064453,70170500,2.44000244140625,4.4199981689453125,1.9799957275390625,4.4199981689453125,3.652860369001116,177.85857500348772,158.38141523088728,177.85857500348772
170.05999755859375,170.99000549316406,168.19000244140625,168.49000549316406,167.27598571777344,57149200,2.8000030517578125,1.75,1.0500030517578125,2.8000030517578125,3.6557181222098216,179.15715680803572,160.0228511265346,179.15715680803572
169.82000732421875,172.1699981689453,169.39999389648438,172.10000610351562,170.85995483398438,68039400,2.7700042724609375,3.67999267578125,0.9099884033203125,3.67999267578125,3.241431100027902,179.12428719656808,162.4457048688616,179.12428719656808
171.52000427246094,173.38999938964844,171.35000610351562,173.19000244140625,171.94210815429688,54091700,2.0399932861328125,1.2899932861328125,0.75,2.0399932861328125,3.1385716029575894,180.7657209123884,163.97428458077567,180.7657209123884
172.77999877929688,173.7100067138672,171.66000366210938,173.02999877929688,171.7832489013672,56377100,2.0500030517578125,0.5200042724609375,1.529998779296875,2.0500030517578125,3.024285452706473,180.7328600202288,164.63715035574776,180.7328600202288
172.77000427246094,176.14999389648438,172.57000732421875,174.5500030517578,173.29229736328125,79542000,3.579986572265625,3.1199951171875,0.459991455078125,3.579986572265625,3.0199977329799106,181.6300005231585,167.09000069754464,181.6300005231585
173.75,174.89999389648438,173.1199951171875,174.14999389648438,172.8951873779297,62290100,1.779998779296875,0.3499908447265625,1.4300079345703125,1.779998779296875,2.907139369419643,181.84141322544642,166.17857578822546,181.84141322544642
173.02999877929688,173.74000549316406,171.30999755859375,171.52000427246094,170.2841339111328,70346300,2.4300079345703125,0.4099884033203125,2.839996337890625,2.839996337890625,2.681424822126116,179.3542720249721,165.69573102678572,179.3542720249721
169.69000244140625,169.86000061035156,167.13999938964844,167.57000732421875,166.3625946044922,69026800,2.720001220703125,1.660003662109375,4.3800048828125,4.3800048828125,2.907139369419643,175.86141749790735,161.13858250209265,175.86141749790735
167.0800018310547,168.7100067138672,166.64999389648438,167.22999572753906,166.02505493164062,54147100,2.0600128173828125,1.1399993896484375,0.920013427734375,2.0600128173828125,2.675713675362723,174.67713492257255,160.682865687779,174.67713492257255
167.32000732421875,168.11000061035156,166.25,167.52999877929688,166.3228759765625,53841500,1.8600006103515625,0.8800048828125,0.9799957275390625,1.8600006103515625,2.650000435965402,174.2000013078962,160.15999930245536,174.2000013078962
168.77999877929688,170.13999938964844,168.35000610351562,170.02999877929688,168.8048858642578,51218200,1.7899932861328125,2.6100006103515625,0.82000732421875,2.6100006103515625,2.7300000871930803,176.54000636509485,161.9499991280692,176.54000636509485
170.57000732421875,171.0500030517578,163.55999755859375,163.6199951171875,162.4410400390625,78961000,7.4900054931640625,1.0200042724609375,6.470001220703125,7.4900054931640625,3.28857421875,173.42572021484375,161.1842803955078,173.42572021484375
161.14999389648438,162.89999389648438,159.82000732421875,161.3800048828125,160.2172088623047,73314000,3.079986572265625,0.720001220703125,3.79998779296875,3.79998779296875,3.577144077845982,170.5514395577567,152.16856166294642,170.5514395577567
162.1300048828125,162.55999755859375,157.72000122070312,158.91000366210938,157.7650146484375,77906200,4.839996337890625,1.17999267578125,3.660003662109375,4.839996337890625,3.862858363560268,169.30857631138392,150.97142246791296,169.30857631138392
160.30999755859375,160.5800018310547,157.13999938964844,157.22000122070312,156.087158203125,87991100,3.44000244140625,1.6699981689453125,1.7700042724609375,3.44000244140625,3.728572300502232,168.32571629115515,149.39428492954798,168.32571629115515
156.63999938964844,158.4199981689453,154.6699981689453,157.9600067138672,156.82186889648438,74229900,3.75,1.1999969482421875,2.5500030517578125,3.75,3.969999040876116,166.57999529157365,146.51000104631697,166.57999529157365
159.75,160.36000061035156,154.97000122070312,155.80999755859375,154.68731689453125,76957800,5.3899993896484375,2.399993896484375,2.9900054931640625,5.3899993896484375,4.474284580775669,168.39285496303012,146.93714686802457,168.39285496303012
156.47000122070312,157.08999633789062,153.69000244140625,154.52999877929688,153.4165496826172,73714800,3.399993896484375,1.279998779296875,2.1199951171875,3.399993896484375,4.587140764508929,167.45142473493303,143.32857404436385,167.45142473493303
154.82000732421875,156.6699981689453,153.61000061035156,155.9600067138672,154.8362579345703,87449600,3.05999755859375,2.1399993896484375,0.9199981689453125,3.05999755859375,3.954282488141741,165.47284807477678,144.8071507045201,165.47284807477678
154.63999938964844,156.36000061035156,152.67999267578125,154.4600067138672,153.34707641601562,84923800,3.6800079345703125,0.399993896484375,3.2800140380859375,3.6800079345703125,3.9371425083705356,164.49142020089286,144.54857308523995,164.49142020089286
155.47000122070312,157.82000732421875,154.75,157.3699951171875,156.23609924316406,68028800,3.07000732421875,3.3600006103515625,0.2899932861328125,3.3600006103515625,3.725714547293527,165.92714364188058,146.64286368233817,165.92714364188058
159.58999633789062,164.25999450683594,159.3000030517578,163.42999267578125,162.25242614746094,104956000,4.959991455078125,6.8899993896484375,1.9300079345703125,6.8899993896484375,4.218571254185268,171.95571681431363,151.60428074428012,171.95571681431363
159.89999389648438,160.5399932861328,153.3699951171875,153.83999633789062,152.7315216064453,122656600,7.1699981689453125,2.8899993896484375,10.05999755859375,10.05999755859375,5.119999476841518,168.72999354771207,145.17999485560824,168.72999354771207
154.7899932861328,157.10000610351562,153.61000061035156,155.30999755859375,154.19091796875,87965400,3.4900054931640625,3.260009765625,0.2299957275390625,3.4900054931640625,4.84857177734375,168.1557159423828,142.55429077148438,168.1557159423828
154.64999389648438,155.24000549316406,151.3800048828125,152.3699951171875,151.2720947265625,90481100,3.8600006103515625,0.0699920654296875,3.92999267578125,3.92999267578125,4.924285888671875,166.15286254882812,140.46714782714844,166.15286254882812
151.2100067138672,151.35000610351562,148.3699951171875,150.6999969482422,149.61415100097656,162278800,2.980010986328125,1.019989013671875,4.0,4.0,5.058571951729911,163.54571097237724,136.1742902483259,163.54571097237724
149.30999755859375,154.55999755859375,149.10000610351562,154.47999572753906,153.36691284179688,81474200,5.459991455078125,3.8600006103515625,1.5999908447265625,5.459991455078125,5.312855311802456,165.038572038923,138.62143162318637,165.038572038923
153.39999389648438,158.0800018310547,153.0800018310547,156.89999389648438,155.76947021484375,107689800,5.0,3.600006103515625,1.399993896484375,5.0,5.547140938895089,169.72142464773995,141.43857901436942,169.72142464773995
157.33999633789062,158.74000549316406,153.60000610351562,153.72000122070312,152.61239624023438,101696800,5.1399993896484375,1.8400115966796875,3.29998779296875,5.1399993896484375,5.297140938895089,169.4914289202009,142.8485826764788,169.4914289202009
152.3800048828125,154.47000122070312,150.91000366210938,152.74000549316406,151.6394500732422,86652500,3.55999755859375,0.75,2.80999755859375,3.55999755859375,4.368569510323661,164.01571219308036,141.36429268973214,164.01571219308036
151.19000244140625,151.47000122070312,148.55999755859375,150.42999267578125,149.34608459472656,96029900,2.910003662109375,1.2700042724609375,4.1800079345703125,4.1800079345703125,4.467141287667411,161.961421421596,138.0685773577009,161.961421421596
149.66000366210938,153.77000427246094,149.63999938964844,150.77000427246094,149.68365478515625,93339400,4.1300048828125,3.3400115966796875,0.7899932861328125,4.1300048828125,4.495714460100446,163.12714276994978,140.2828608921596,163.12714276994978
152.74000549316406,154.72000122070312,149.9499969482422,151.75999450683594,150.66651916503906,84442700,4.7700042724609375,3.9499969482421875,0.82000732421875,4.7700042724609375,4.605715070452009,163.76714215959822,140.9028560093471,163.76714215959822
147.63999938964844,150.63999938964844,144.83999633789062,149.83999633789062,148.76034545898438,146691400,5.8000030517578125,1.1199951171875,6.9199981689453125,6.9199981689453125,4.814287458147321,159.2828587123326,136.19713701520647,159.2828587123326
146.10000610351562,146.72000122070312,140.67999267578125,142.47999572753906,141.45338439941406,128138200,6.040008544921875,3.1199951171875,9.160003662109375,9.160003662109375,5.408573695591518,156.90571376255582,130.49428013392856,156.90571376255582
141.27999877929688,143.10000610351562,138.0,138.1999969482422,137.20420837402344,124925300,5.100006103515625,0.6200103759765625,4.4799957275390625,5.100006103515625,5.402860369001116,154.20858110700334,126.89142499651228,154.20858110700334
138.2100067138672,143.07000732421875,137.69000244140625,142.4499969482422,141.42359924316406,114311700,5.3800048828125,4.8700103759765625,0.5099945068359375,5.3800048828125,5.662861415318081,154.6785866873605,126.0814230782645,154.6785866873605
145.02999877929688,146.22000122070312,144.25999450683594,146.10000610351562,145.04730224609375,87830100,1.9600067138671875,3.7700042724609375,1.80999755859375,3.7700042724609375,5.604289463588169,161.07286289760043,129.40713282993863,161.07286289760043
144.07000732421875,147.3800048828125,143.00999450683594,146.39999389648438,145.34512329101562,79471000,4.3700103759765625,1.279998779296875,3.0900115966796875,4.3700103759765625,5.638575962611607,159.92572239467074,130.4642769949777,159.92572239467074
145.80999755859375,147.5399932861328,145.22000122070312,145.42999267578125,144.3821258544922,68402200,2.3199920654296875,1.1399993896484375,1.17999267578125,2.3199920654296875,5.28857421875,161.08572387695312,131.6742706298828,161.08572387695312
142.5399932861328,143.10000610351562,139.4499969482422,140.08999633789062,139.08059692382812,85925600,3.6500091552734375,2.329986572265625,5.9799957275390625,5.9799957275390625,5.154288155691964,154.91286141531808,127.63714163643974,154.91286141531808
140.4199981689453,141.88999938964844,138.57000732421875,140.4199981689453,139.408203125,74899000,3.3199920654296875,1.8000030517578125,1.519989013671875,3.3199920654296875,4.320000784737723,151.53000967843192,128.92999703543526,151.53000967843192
139.89999389648438,141.35000610351562,138.22000122070312,138.97999572753906,137.97857666015625,77033700,3.1300048828125,0.9300079345703125,2.1999969482421875,3.1300048828125,4.038572038922991,150.3357173374721,129.23428998674666,150.3357173374721
139.1300048828125,140.36000061035156,138.16000366210938,138.33999633789062,137.34320068359375,70433700,2.1999969482421875,1.3800048828125,0.8199920654296875,2.1999969482421875,3.584285191127232,148.91285923549108,129.60714503696985,148.91285923549108
134.99000549316406,143.58999633789062,134.3699951171875,142.99000549316406,141.959716796875,113224000,9.220001220703125,5.25,3.970001220703125,9.220001220703125,4.362856183733259,147.45856366838728,130.50142778669084,147.45856366838728
144.30999755859375,144.52000427246094,138.19000244140625,138.3800048828125,137.38291931152344,88598000,6.3300018310546875,1.529998779296875,4.8000030517578125,6.3300018310546875,4.642854963030134,152.11856733049666,130.59143938337053,152.11856733049666
141.07000732421875,142.89999389648438,140.27000427246094,142.41000366210938,141.38389587402344,85250900,2.6299896240234375,4.519989013671875,1.8899993896484375,4.519989013671875,4.957140241350446,155.14142499651228,128.02857317243303,155.14142499651228
145.49000549316406,146.6999969482422,140.61000061035156,143.75,142.7142333984375,99136600,6.089996337890625,4.2899932861328125,1.8000030517578125,6.089996337890625,4.9728546142578125,155.528564453125,131.78143310546875,155.528564453125
141.69000244140625,144.9499969482422,141.5,143.86000061035156,142.8234405517578,61758300,3.4499969482421875,1.1999969482421875,2.25,3.4499969482421875,4.991426740373884,156.47428022112166,129.97571672712053,156.47428022112166
143.02000427246094,145.88999938964844,142.64999389648438,143.38999938964844,142.3568115234375,64522000,3.2400054931640625,2.029998779296875,1.2100067138671875,3.2400054931640625,5.00714111328125,157.67141723632812,130.8685760498047,157.67141723632812
142.8699951171875,147.85000610351562,142.64999389648438,147.27000427246094,146.20887756347656,86548600,5.20001220703125,4.4600067138671875,0.7400054931640625,5.20001220703125,5.4357147216796875,158.95713806152344,131.54286193847656,158.95713806152344
147.19000244140625,150.22999572753906,146.0,149.4499969482422,148.37315368652344,75981900,4.2299957275390625,2.959991455078125,1.2700042724609375,4.2299957275390625,4.722856794084821,160.16857038225447,136.0614253452846,160.16857038225447
150.08999633789062,152.49000549316406,149.36000061035156,152.33999633789062,151.24234008789062,74732300,3.1300048828125,3.040008544921875,0.089996337890625,3.1300048828125,4.265714372907366,162.15714372907365,139.69286237444197,162.15714372907365
150.9600067138672,151.99000549316406,148.0399932861328,149.35000610351562,148.2738800048828,88194300,3.95001220703125,0.3499908447265625,4.3000030517578125,4.3000030517578125,4.234287806919643,160.74285670689176,139.28714207240512,160.74285670689176
148.07000732421875,149.0500030517578,144.1300048828125,144.8000030517578,143.7566680908203,109180200,4.9199981689453125,0.3000030517578125,5.220001220703125,5.220001220703125,4.110002790178571,156.46001325334822,136.7199946812221,156.46001325334822
148.1999969482422,157.5,147.82000732421875,155.74000549316406,154.61785888671875,164762400,9.67999267578125,12.699996948242188,3.0200042724609375,12.699996948242188,5.431431361607143,164.1143014090402,141.20570591517856,164.1143014090402
153.16000366210938,154.24000549316406,151.9199981689453,153.33999633789062,152.23512268066406,97943200,2.32000732421875,1.5,3.82000732421875,3.82000732421875,5.514288766043527,168.4628644670759,137.6971391950335,168.4628644670759
155.0800018310547,155.4499969482422,149.1300048828125,150.64999389648438,149.5644989013672,80379300,6.3199920654296875,2.1100006103515625,4.209991455078125,6.3199920654296875,5.674285888671875,166.15286254882812,138.42713928222656,166.15286254882812
148.9499969482422,152.1699981689453,145.0,145.02999877929688,143.98500061035156,93604600,7.1699981689453125,1.5200042724609375,5.649993896484375,7.1699981689453125,6.094286237444196,163.2828587123326,133.88713945661272,163.2828587123326
142.05999755859375,142.8000030517578,138.75,138.8800048828125,137.8793182373047,97918500,4.0500030517578125,2.2299957275390625,6.279998779296875,6.279998779296875,6.544285365513393,158.3828560965402,123.16714695521763,158.3828560965402
142.08999633789062,142.6699981689453,134.3800048828125,138.3800048828125,137.61082458496094,140814800,8.289993286132812,3.7899932861328125,4.5,8.289993286132812,7.114283970424107,155.7228567940848,121.327146257673,155.7228567940848
137.11000061035156,139.14999389648438,135.6699981689453,138.9199981689453,138.1478271484375,83374600,3.4799957275390625,0.769989013671875,2.7100067138671875,3.4799957275390625,6.865711757114956,156.2671334402902,118.5528586251395,156.2671334402902
140.41000366210938,141.42999267578125,137.49000549316406,139.5,138.724609375,89908500,3.9399871826171875,2.5099945068359375,1.42999267578125,3.9399871826171875,5.614281790597098,154.33285086495536,124.58714730398995,154.33285086495536
138.5,138.5500030517578,134.58999633789062,134.8699951171875,134.12033081054688,74917800,3.9600067138671875,0.9499969482421875,4.910003662109375,4.910003662109375,5.769995553152902,151.89998299734933,121.24001639229911,151.89998299734933
141.24000549316406,146.8699951171875,139.5,146.8699951171875,146.05361938476562,118854000,7.3699951171875,12.0,4.6300048828125,12.0,6.581425258091518,159.24427577427457,127.12571934291294,159.24427577427457
145.82000732421875,150.00999450683594,144.3699951171875,149.6999969482422,148.86790466308594,93979700,5.6399993896484375,3.1399993896484375,2.5,5.6399993896484375,6.36285400390625,163.45855712890625,130.9214324951172,163.45855712890625
148.97000122070312,150.27999877929688,147.42999267578125,148.27999877929688,147.45579528808594,73374100,2.850006103515625,0.5800018310546875,2.2700042724609375,2.850006103515625,5.872855050223214,165.0485578264509,132.66143362862724,165.0485578264509
152.22000122070312,153.58999633789062,148.55999755859375,150.0399932861328,149.2060089111328,89868300,5.029998779296875,5.30999755859375,0.279998779296875,5.30999755859375,5.447141374860491,164.90142168317522,137.24857221330916,164.90142168317522
149.1300048828125,149.8699951171875,147.2899932861328,148.7899932861328,147.96295166015625,64218300,2.5800018310546875,0.1699981689453125,2.75,2.75,5.342856270926339,163.31856209891183,133.8414263044085,163.31856209891183
146.42999267578125,151.47999572753906,146.14999389648438,150.72000122070312,149.88223266601562,80389400,5.3300018310546875,2.69000244140625,2.6399993896484375,5.3300018310546875,5.541429792131696,162.77428327287947,134.85570635114397,162.77428327287947
152.30999755859375,152.6999969482422,149.97000122070312,151.2899932861328,150.4490509033203,74829600,2.7299957275390625,1.9799957275390625,0.75,2.7299957275390625,5.230000087193081,165.66000148228238,137.00999668666293,165.66000148228238
150.16000366210938,150.3699951171875,147.72000122070312,148.00999450683594,147.18728637695312,58724100,2.649993896484375,0.9199981689453125,3.5699920654296875,3.5699920654296875,4.025713239397321,159.7971409388951,138.29285539899553,159.7971409388951
148.1300048828125,150.4199981689453,146.92999267578125,150.17999267578125,149.34521484375,51804100,3.4900054931640625,2.410003662109375,1.0800018310546875,3.4900054931640625,3.718571254185268,158.08570643833704,139.26428440638952,158.08570643833704
149.4499969482422,151.8300018310547,149.33999633789062,151.07000732421875,150.2303009033203,58301400,2.4900054931640625,1.6500091552734375,0.839996337890625,2.4900054931640625,3.667142595563616,160.34142412458147,140.82857404436385,160.34142412458147
148.30999755859375,148.8800048828125,147.1199951171875,148.11000061035156,147.28672790527344,35195900,1.760009765625,2.19000244140625,3.95001220703125,3.95001220703125,3.4728589739118303,157.53857203892298,138.46142796107702,157.53857203892298
145.13999938964844,146.63999938964844,143.3800048828125,144.22000122070312,143.41835021972656,69246000,3.2599945068359375,1.470001220703125,4.7299957275390625,4.7299957275390625,3.7557155064174106,154.64715140206474,135.3728528703962,154.64715140206474
144.2899932861328,144.80999755859375,140.35000610351562,141.1699981689453,140.3853302001953,83763800,4.459991455078125,0.589996337890625,3.8699951171875,4.459991455078125,3.6314283098493303,151.2442910330636,133.91571262904577,151.2442910330636
141.39999389648438,148.72000122070312,140.5500030517578,148.02999877929688,147.20716857910156,111380900,8.169998168945312,7.5500030517578125,0.6199951171875,8.169998168945312,4.408571515764509,153.77571759905135,135.4942866734096,153.77571759905135
148.2100067138672,149.1300048828125,146.61000061035156,148.30999755859375,147.48562622070312,71250400,2.5200042724609375,1.100006103515625,1.4199981689453125,2.5200042724609375,4.258573259626116,159.3857203892299,136.35428510393416,159.3857203892299
145.9600067138672,148.0,145.64999389648438,147.80999755859375,146.9884033203125,65447400,2.350006103515625,0.30999755859375,2.660003662109375,2.660003662109375,4.140001569475446,158.06999860491072,135.57999529157365,158.06999860491072
147.77000427246094,150.9199981689453,145.77000427246094,146.6300048828125,145.81497192382812,68826400,5.149993896484375,3.1100006103515625,2.0399932861328125,5.149993896484375,4.519999912806919,159.33000401088168,137.35999843052457,159.33000401088168
147.07000732421875,147.3000030517578,141.9199981689453,142.91000366210938,142.11566162109375,64727200,5.3800048828125,0.6699981689453125,4.7100067138671875,5.3800048828125,4.724284580775669,156.0928519112723,133.12714930943082,156.0928519112723
142.19000244140625,143.3699951171875,140.0,140.94000244140625,140.1566162109375,69721100,3.3699951171875,0.459991455078125,2.910003662109375,3.3699951171875,4.529998779296875,153.58999633789062,129.77999877929688,153.58999633789062
142.36000061035156,143.52000427246094,141.10000610351562,142.64999389648438,141.85707092285156,62128300,2.4199981689453125,2.5800018310546875,0.160003662109375,2.5800018310546875,4.2614288330078125,153.88429260253906,130.7357177734375,153.88429260253906
142.33999633789062,145.57000732421875,140.89999389648438,142.16000366210938,141.36981201171875,76097000,4.670013427734375,2.920013427734375,1.75,4.670013427734375,3.7614310128348216,152.18428693498885,134.28571428571428,152.18428693498885
142.6999969482422,144.5,141.05999755859375,144.49000549316406,143.68685913085938,70462700,3.44000244140625,2.339996337890625,1.100006103515625,3.44000244140625,3.892859322684152,152.7385755266462,132.82142203194755,152.7385755266462
149.5,149.97000122070312,144.24000549316406,145.47000122070312,144.66143798828125,93886200,5.7299957275390625,5.4799957275390625,0.25,5.7299957275390625,4.331429617745536,157.23429434640067,136.9757123674665,157.23429434640067
145.35000610351562,146.66000366210938,141.16000366210938,143.2100067138672,142.4139862060547,82291200,5.5,1.19000244140625,4.30999755859375,5.5,4.381430489676339,154.3042951311384,133.51571219308036,154.3042951311384
141.11000061035156,141.8000030517578,136.02999877929688,136.5,135.7412567138672,98931900,5.7700042724609375,1.410003662109375,7.1800079345703125,7.1800079345703125,4.638573782784598,149.94572012765067,127.88428170340401,149.94572012765067
136.69000244140625,137.64999389648438,133.72999572753906,134.50999450683594,133.76231384277344,160156900,3.9199981689453125,1.149993896484375,2.7700042724609375,3.9199981689453125,4.717145647321429,147.88143266950334,123.49855695452008,147.88143266950334
135.11000061035156,135.1999969482422,131.32000732421875,132.3699951171875,131.63421630859375,79592600,3.8799896240234375,0.69000244140625,3.1899871826171875,3.8799896240234375,4.902858189174107,146.02858189174106,120.49142238071987,146.02858189174106
131.38999938964844,133.25,129.88999938964844,132.3000030517578,131.5646209716797,77432800,3.3600006103515625,0.8800048828125,2.4799957275390625,3.3600006103515625,4.7157135009765625,144.03713989257812,119.10285949707031,144.03713989257812
132.97999572753906,136.80999755859375,132.75,135.4499969482422,134.6970977783203,85928000,4.05999755859375,4.5099945068359375,0.4499969482421875,4.5099945068359375,4.868569510323661,147.355708530971,122.20428902762276,147.355708530971
134.35000610351562,134.55999755859375,130.3000030517578,132.22999572753906,131.49501037597656,77852100,4.2599945068359375,0.8899993896484375,5.149993896484375,5.149993896484375,4.785712105887277,144.65713936941964,120.20286124093192,144.65713936941964
130.9199981689453,132.4199981689453,129.63999938964844,131.86000061035156,131.12704467773438,63814900,2.779998779296875,0.19000244140625,2.589996337890625,2.779998779296875,4.3971405029296875,142.8314208984375,119.22857666015625,142.8314208984375
131.3800048828125,131.41000366210938,128.72000122070312,130.02999877929688,129.30723571777344,69007800,2.69000244140625,0.4499969482421875,3.1399993896484375,3.1399993896484375,3.8199964250837053,140.17999049595423,119.95001438685826,140.17999049595423
129.6699981689453,131.02999877929688,125.87000274658203,126.04000091552734,125.33940887451172,85438400,5.159996032714844,1.0,4.159996032714844,5.159996032714844,3.9971389770507812,137.86141967773438,119.03858184814453,137.86141967773438
127.98999786376953,130.47999572753906,127.7300033569336,129.61000061035156,128.88955688476562,75703700,2.7499923706054688,4.439994812011719,1.69000244140625,4.439994812011719,4.077139718191964,139.96142251150948,118.24857657296317,139.96142251150948
128.41000366210938,129.9499969482422,127.43000030517578,129.92999267578125,129.20779418945312,77034200,2.5199966430664062,0.339996337890625,2.1800003051757812,2.5199966430664062,3.957139151436942,139.3014177594866,118.07857949393136,139.3014177594866
